Year,Locationabbr,Locationdesc,Class,Topic,Question,Response,Break_Out,Break_Out_Category,Sample_Size,Data_value,Confidence_limit_Low,Confidence_limit_High,Display_order,Data_value_unit,Data_value_type,Data_Value_Footnote_Symbol,Data_Value_Footnote,DataSource,ClassId,TopicId,LocationID,BreakoutID,BreakOutCategoryID,QuestionID,ResponseID,GeoLocation
2014,AL,Alabama,Health Care Access/Coverage,Under 65 Coverage,Adults aged 18-64 who have any kind of health care coverage (variable calculated from one or more BRFSS questions),Yes,Overall,Overall,"4,650",82.5,81.1,84,208,%,Crude Prevalence,,,BRFSS,CLASS07,Topic59,1,BO1,CAT1,_HCVU651,RESP046,"(32.84057112200048, -86.63186076199969)"
2014,AL,Alabama,Health Care Access/Coverage,Under 65 Coverage,Adults aged 18-64 who have any kind of health care coverage (variable calculated from one or more BRFSS questions),No,Overall,Overall,790,17.5,16,19,209,%,Crude Prevalence,,,BRFSS,CLASS07,Topic59,1,BO1,CAT1,_HCVU651,RESP054,"(32.84057112200048, -86.63186076199969)"
2014,AK,Alaska,Health Care Access/Coverage,Under 65 Coverage,Adults aged 18-64 who have any kind of health care coverage (variable calculated from one or more BRFSS questions),Yes,Overall,Overall,"2,882",82.9,81,84.7,208,%,Crude Prevalence,,,BRFSS,CLASS07,Topic59,2,BO1,CAT1,_HCVU651,RESP046,"(64.84507995700051, -147.72205903599973)"
2014,AK,Alaska,Health Care Access/Coverage,Under 65 Coverage,Adults aged 18-64 who have any kind of health care coverage (variable calculated from one or more BRFSS questions),No,Overall,Overall,430,17.2,15.3,19,209,%,Crude Prevalence,,,BRFSS,CLASS07,Topic59,2,BO1,CAT1,_HCVU651,RESP054,"(64.84507995700051, -147.72205903599973)"
2014,AZ,Arizona,Health Care Access/Coverage,Under 65 Coverage,Adults aged 18-64 who have any kind of health care coverage (variable calculated from one or more BRFSS questions),Yes,Overall,Overall,"7,047",82.1,80.6,83.5,208,%,Crude Prevalence,,,BRFSS,CLASS07,Topic59,4,BO1,CAT1,_HCVU651,RESP046,"(34.865970280000454, -111.76381127699972)"
2014,AZ,Arizona,Health Care Access/Coverage,Under 65 Coverage,Adults aged 18-64 who have any kind of health care coverage (variable calculated from one or more BRFSS questions),No,Overall,Overall,989,17.9,16.5,19.4,209,%,Crude Prevalence,,,BRFSS,CLASS07,Topic59,4,BO1,CAT1,_HCVU651,RESP054,"(34.865970280000454, -111.76381127699972)"
2014,AR,Arkansas,Health Care Access/Coverage,Under 65 Coverage,Adults aged 18-64 who have any kind of health care coverage (variable calculated from one or more BRFSS questions),Yes,Overall,Overall,"2,386",79.8,77.5,82.1,208,%,Crude Prevalence,,,BRFSS,CLASS07,Topic59,5,BO1,CAT1,_HCVU651,RESP046,"(34.74865012400045, -92.27449074299966)"
2014,AR,Arkansas,Health Care Access/Coverage,Under 65 Coverage,Adults aged 18-64 who have any kind of health care coverage (variable calculated from one or more BRFSS questions),No,Overall,Overall,392,20.2,17.9,22.5,209,%,Crude Prevalence,,,BRFSS,CLASS07,Topic59,5,BO1,CAT1,_HCVU651,RESP054,"(34.74865012400045, -92.27449074299966)"
2014,CA,California,Health Care Access/Coverage,Under 65 Coverage,Adults aged 18-64 who have any kind of health care coverage (variable calculated from one or more BRFSS questions),Yes,Overall,Overall,"5,443",82.2,81,83.5,208,%,Crude Prevalence,,,BRFSS,CLASS07,Topic59,6,BO1,CAT1,_HCVU651,RESP046,"(37.63864012300047, -120.99999953799971)"
2014,CA,California,Health Care Access/Coverage,Under 65 Coverage,Adults aged 18-64 who have any kind of health care coverage (variable calculated from one or more BRFSS questions),No,Overall,Overall,"1,004",17.8,16.6,19,209,%,Crude Prevalence,,,BRFSS,CLASS07,Topic59,6,BO1,CAT1,_HCVU651,RESP054,"(37.63864012300047, -120.99999953799971)"
2014,CO,Colorado,Health Care Access/Coverage,Under 65 Coverage,Adults aged 18-64 who have any kind of health care coverage (variable calculated from one or more BRFSS questions),Yes,Overall,Overall,"7,803",84.7,83.7,85.7,208,%,Crude Prevalence,,,BRFSS,CLASS07,Topic59,8,BO1,CAT1,_HCVU651,RESP046,"(38.843840757000464, -106.13361092099967)"
2014,CO,Colorado,Health Care Access/Coverage,Under 65 Coverage,Adults aged 18-64 who have any kind of health care coverage (variable calculated from one or more BRFSS questions),No,Overall,Overall,"1,071",15.3,14.3,16.3,209,%,Crude Prevalence,,,BRFSS,CLASS07,Topic59,8,BO1,CAT1,_HCVU651,RESP054,"(38.843840757000464, -106.13361092099967)"
2014,CT,Connecticut,Health Care Access/Coverage,Under 65 Coverage,Adults aged 18-64 who have any kind of health care coverage (variable calculated from one or more BRFSS questions),Yes,Overall,Overall,"4,748",89.5,88.2,90.7,208,%,Crude Prevalence,,,BRFSS,CLASS07,Topic59,9,BO1,CAT1,_HCVU651,RESP046,"(41.56266102000046, -72.64984095199964)"
2014,CT,Connecticut,Health Care Access/Coverage,Under 65 Coverage,Adults aged 18-64 who have any kind of health care coverage (variable calculated from one or more BRFSS questions),No,Overall,Overall,384,10.6,9.3,11.8,209,%,Crude Prevalence,,,BRFSS,CLASS07,Topic59,9,BO1,CAT1,_HCVU651,RESP054,"(41.56266102000046, -72.64984095199964)"
2014,DE,Delaware,Health Care Access/Coverage,Under 65 Coverage,Adults aged 18-64 who have any kind of health care coverage (variable calculated from one or more BRFSS questions),Yes,Overall,Overall,"2,413",89.2,87.5,90.8,208,%,Crude Prevalence,,,BRFSS,CLASS07,Topic59,10,BO1,CAT1,_HCVU651,RESP046,"(39.008830667000495, -75.57774116799965)"
2014,DE,Delaware,Health Care Access/Coverage,Under 65 Coverage,Adults aged 18-64 who have any kind of health care coverage (variable calculated from one or more BRFSS questions),No,Overall,Overall,252,10.8,9.2,12.5,209,%,Crude Prevalence,,,BRFSS,CLASS07,Topic59,10,BO1,CAT1,_HCVU651,RESP054,"(39.008830667000495, -75.57774116799965)"
2014,DC,District of Columbia,Health Care Access/Coverage,Under 65 Coverage,Adults aged 18-64 who have any kind of health care coverage (variable calculated from one or more BRFSS questions),Yes,Overall,Overall,"2,302",90.4,88.1,92.7,208,%,Crude Prevalence,,,BRFSS,CLASS07,Topic59,11,BO1,CAT1,_HCVU651,RESP046,"(38.89037138500049, -77.03196112699965)"
2014,DC,District of Columbia,Health Care Access/Coverage,Under 65 Coverage,Adults aged 18-64 who have any kind of health care coverage (variable calculated from one or more BRFSS questions),No,Overall,Overall,119,9.6,7.3,11.9,209,%,Crude Prevalence,,,BRFSS,CLASS07,Topic59,11,BO1,CAT1,_HCVU651,RESP054,"(38.89037138500049, -77.03196112699965)"
2014,FL,Florida,Health Care Access/Coverage,Under 65 Coverage,Adults aged 18-64 who have any kind of health care coverage (variable calculated from one or more BRFSS questions),Yes,Overall,Overall,"4,475",77.2,75.7,78.8,208,%,Crude Prevalence,,,BRFSS,CLASS07,Topic59,12,BO1,CAT1,_HCVU651,RESP046,"(28.932040377000476, -81.92896053899966)"
2014,FL,Florida,Health Care Access/Coverage,Under 65 Coverage,Adults aged 18-64 who have any kind of health care coverage (variable calculated from one or more BRFSS questions),No,Overall,Overall,933,22.8,21.2,24.3,209,%,Crude Prevalence,,,BRFSS,CLASS07,Topic59,12,BO1,CAT1,_HCVU651,RESP054,"(28.932040377000476, -81.92896053899966)"
2014,GA,Georgia,Health Care Access/Coverage,Under 65 Coverage,Adults aged 18-64 who have any kind of health care coverage (variable calculated from one or more BRFSS questions),Yes,Overall,Overall,"3,338",75,73.1,76.9,208,%,Crude Prevalence,,,BRFSS,CLASS07,Topic59,13,BO1,CAT1,_HCVU651,RESP046,"(32.83968109300048, -83.62758034599966)"
2014,GA,Georgia,Health Care Access/Coverage,Under 65 Coverage,Adults aged 18-64 who have any kind of health care coverage (variable calculated from one or more BRFSS questions),No,Overall,Overall,726,25,23.1,26.9,209,%,Crude Prevalence,,,BRFSS,CLASS07,Topic59,13,BO1,CAT1,_HCVU651,RESP054,"(32.83968109300048, -83.62758034599966)"
2014,HI,Hawaii,Health Care Access/Coverage,Under 65 Coverage,Adults aged 18-64 who have any kind of health care coverage (variable calculated from one or more BRFSS questions),Yes,Overall,Overall,"4,510",90.2,89,91.5,208,%,Crude Prevalence,,,BRFSS,CLASS07,Topic59,15,BO1,CAT1,_HCVU651,RESP046,"(21.304850435000446, -157.85774940299973)"
2014,HI,Hawaii,Health Care Access/Coverage,Under 65 Coverage,Adults aged 18-64 who have any kind of health care coverage (variable calculated from one or more BRFSS questions),No,Overall,Overall,493,9.8,8.6,11,209,%,Crude Prevalence,,,BRFSS,CLASS07,Topic59,15,BO1,CAT1,_HCVU651,RESP054,"(21.304850435000446, -157.85774940299973)"
2014,ID,Idaho,Health Care Access/Coverage,Under 65 Coverage,Adults aged 18-64 who have any kind of health care coverage (variable calculated from one or more BRFSS questions),Yes,Overall,Overall,"2,845",79.8,77.9,81.7,207,%,Crude Prevalence,,,BRFSS,CLASS07,Topic59,16,BO1,CAT1,_HCVU651,RESP046,"(43.682630005000476, -114.3637300419997)"
2014,ID,Idaho,Health Care Access/Coverage,Under 65 Coverage,Adults aged 18-64 who have any kind of health care coverage (variable calculated from one or more BRFSS questions),No,Overall,Overall,645,20.2,18.3,22.1,208,%,Crude Prevalence,,,BRFSS,CLASS07,Topic59,16,BO1,CAT1,_HCVU651,RESP054,"(43.682630005000476, -114.3637300419997)"
2014,IL,Illinois,Health Care Access/Coverage,Under 65 Coverage,Adults aged 18-64 who have any kind of health care coverage (variable calculated from one or more BRFSS questions),Yes,Overall,Overall,"3,042",85.7,84,87.4,208,%,Crude Prevalence,,,BRFSS,CLASS07,Topic59,17,BO1,CAT1,_HCVU651,RESP046,"(40.48501028300046, -88.99771017799969)"
2014,IL,Illinois,Health Care Access/Coverage,Under 65 Coverage,Adults aged 18-64 who have any kind of health care coverage (variable calculated from one or more BRFSS questions),No,Overall,Overall,342,14.3,12.7,16,209,%,Crude Prevalence,,,BRFSS,CLASS07,Topic59,17,BO1,CAT1,_HCVU651,RESP054,"(40.48501028300046, -88.99771017799969)"
2014,IN,Indiana,Health Care Access/Coverage,Under 65 Coverage,Adults aged 18-64 who have any kind of health care coverage (variable calculated from one or more BRFSS questions),Yes,Overall,Overall,"6,224",82,80.7,83.2,208,%,Crude Prevalence,,,BRFSS,CLASS07,Topic59,18,BO1,CAT1,_HCVU651,RESP046,"(39.766910452000445, -86.14996019399968)"
2014,IN,Indiana,Health Care Access/Coverage,Under 65 Coverage,Adults aged 18-64 who have any kind of health care coverage (variable calculated from one or more BRFSS questions),No,Overall,Overall,959,18,16.8,19.3,209,%,Crude Prevalence,,,BRFSS,CLASS07,Topic59,18,BO1,CAT1,_HCVU651,RESP054,"(39.766910452000445, -86.14996019399968)"
2014,IA,Iowa,Health Care Access/Coverage,Under 65 Coverage,Adults aged 18-64 who have any kind of health care coverage (variable calculated from one or more BRFSS questions),Yes,Overall,Overall,"4,719",90.4,89.3,91.5,208,%,Crude Prevalence,,,BRFSS,CLASS07,Topic59,19,BO1,CAT1,_HCVU651,RESP046,"(42.46940091300047, -93.81649055599968)"
2014,IA,Iowa,Health Care Access/Coverage,Under 65 Coverage,Adults aged 18-64 who have any kind of health care coverage (variable calculated from one or more BRFSS questions),No,Overall,Overall,372,9.6,8.5,10.7,209,%,Crude Prevalence,,,BRFSS,CLASS07,Topic59,19,BO1,CAT1,_HCVU651,RESP054,"(42.46940091300047, -93.81649055599968)"
2014,KS,Kansas,Health Care Access/Coverage,Under 65 Coverage,Adults aged 18-64 who have any kind of health care coverage (variable calculated from one or more BRFSS questions),Yes,Overall,Overall,"7,899",82.4,81.4,83.4,208,%,Crude Prevalence,,,BRFSS,CLASS07,Topic59,20,BO1,CAT1,_HCVU651,RESP046,"(38.34774030000045, -98.20078122699965)"
2014,KS,Kansas,Health Care Access/Coverage,Under 65 Coverage,Adults aged 18-64 who have any kind of health care coverage (variable calculated from one or more BRFSS questions),No,Overall,Overall,"1,256",17.6,16.6,18.6,209,%,Crude Prevalence,,,BRFSS,CLASS07,Topic59,20,BO1,CAT1,_HCVU651,RESP054,"(38.34774030000045, -98.20078122699965)"
2014,KY,Kentucky,Health Care Access/Coverage,Under 65 Coverage,Adults aged 18-64 who have any kind of health care coverage (variable calculated from one or more BRFSS questions),Yes,Overall,Overall,"6,573",87.8,86.4,89.2,208,%,Crude Prevalence,,,BRFSS,CLASS07,Topic59,21,BO1,CAT1,_HCVU651,RESP046,"(37.645970271000465, -84.77497104799966)"
2014,KY,Kentucky,Health Care Access/Coverage,Under 65 Coverage,Adults aged 18-64 who have any kind of health care coverage (variable calculated from one or more BRFSS questions),No,Overall,Overall,537,12.2,10.8,13.6,209,%,Crude Prevalence,,,BRFSS,CLASS07,Topic59,21,BO1,CAT1,_HCVU651,RESP054,"(37.645970271000465, -84.77497104799966)"
2014,LA,Louisiana,Health Care Access/Coverage,Under 65 Coverage,Adults aged 18-64 who have any kind of health care coverage (variable calculated from one or more BRFSS questions),Yes,Overall,Overall,"3,725",77.3,75.7,78.8,208,%,Crude Prevalence,,,BRFSS,CLASS07,Topic59,22,BO1,CAT1,_HCVU651,RESP046,"(31.31266064400046, -92.44568007099969)"
2014,LA,Louisiana,Health Care Access/Coverage,Under 65 Coverage,Adults aged 18-64 who have any kind of health care coverage (variable calculated from one or more BRFSS questions),No,Overall,Overall,891,22.7,21.2,24.3,209,%,Crude Prevalence,,,BRFSS,CLASS07,Topic59,22,BO1,CAT1,_HCVU651,RESP054,"(31.31266064400046, -92.44568007099969)"
2014,ME,Maine,Health Care Access/Coverage,Under 65 Coverage,Adults aged 18-64 who have any kind of health care coverage (variable calculated from one or more BRFSS questions),Yes,Overall,Overall,"5,025",86.1,84.8,87.3,208,%,Crude Prevalence,,,BRFSS,CLASS07,Topic59,23,BO1,CAT1,_HCVU651,RESP046,"(45.254228894000505, -68.98503133599962)"
2014,ME,Maine,Health Care Access/Coverage,Under 65 Coverage,Adults aged 18-64 who have any kind of health care coverage (variable calculated from one or more BRFSS questions),No,Overall,Overall,671,13.9,12.7,15.2,209,%,Crude Prevalence,,,BRFSS,CLASS07,Topic59,23,BO1,CAT1,_HCVU651,RESP054,"(45.254228894000505, -68.98503133599962)"
2014,MD,Maryland,Health Care Access/Coverage,Under 65 Coverage,Adults aged 18-64 who have any kind of health care coverage (variable calculated from one or more BRFSS questions),Yes,Overall,Overall,"7,223",89,87.5,90.5,208,%,Crude Prevalence,,,BRFSS,CLASS07,Topic59,24,BO1,CAT1,_HCVU651,RESP046,"(39.29058096400047, -76.60926011099963)"
2014,MD,Maryland,Health Care Access/Coverage,Under 65 Coverage,Adults aged 18-64 who have any kind of health care coverage (variable calculated from one or more BRFSS questions),No,Overall,Overall,440,11,9.5,12.5,209,%,Crude Prevalence,,,BRFSS,CLASS07,Topic59,24,BO1,CAT1,_HCVU651,RESP054,"(39.29058096400047, -76.60926011099963)"
2014,MA,Massachusetts,Health Care Access/Coverage,Under 65 Coverage,Adults aged 18-64 who have any kind of health care coverage (variable calculated from one or more BRFSS questions),Yes,Overall,Overall,"9,211",94.6,93.8,95.4,208,%,Crude Prevalence,,,BRFSS,CLASS07,Topic59,25,BO1,CAT1,_HCVU651,RESP046,"(42.27687047000046, -72.08269067499964)"
2014,MA,Massachusetts,Health Care Access/Coverage,Under 65 Coverage,Adults aged 18-64 who have any kind of health care coverage (variable calculated from one or more BRFSS questions),No,Overall,Overall,404,5.4,4.6,6.2,209,%,Crude Prevalence,,,BRFSS,CLASS07,Topic59,25,BO1,CAT1,_HCVU651,RESP054,"(42.27687047000046, -72.08269067499964)"
2014,MI,Michigan,Health Care Access/Coverage,Under 65 Coverage,Adults aged 18-64 who have any kind of health care coverage (variable calculated from one or more BRFSS questions),Yes,Overall,Overall,"4,910",87.3,86.1,88.5,208,%,Crude Prevalence,,,BRFSS,CLASS07,Topic59,26,BO1,CAT1,_HCVU651,RESP046,"(44.6613195430005, -84.71439026999968)"
2014,MI,Michigan,Health Care Access/Coverage,Under 65 Coverage,Adults aged 18-64 who have any kind of health care coverage (variable calculated from one or more BRFSS questions),No,Overall,Overall,537,12.7,11.5,13.9,209,%,Crude Prevalence,,,BRFSS,CLASS07,Topic59,26,BO1,CAT1,_HCVU651,RESP054,"(44.6613195430005, -84.71439026999968)"
2014,MN,Minnesota,Health Care Access/Coverage,Under 65 Coverage,Adults aged 18-64 who have any kind of health care coverage (variable calculated from one or more BRFSS questions),Yes,Overall,Overall,"10,839",91.2,90.5,91.9,208,%,Crude Prevalence,,,BRFSS,CLASS07,Topic59,27,BO1,CAT1,_HCVU651,RESP046,"(46.35564873600049, -94.79420050299967)"
2014,MN,Minnesota,Health Care Access/Coverage,Under 65 Coverage,Adults aged 18-64 who have any kind of health care coverage (variable calculated from one or more BRFSS questions),No,Overall,Overall,817,8.8,8.1,9.5,209,%,Crude Prevalence,,,BRFSS,CLASS07,Topic59,27,BO1,CAT1,_HCVU651,RESP054,"(46.35564873600049, -94.79420050299967)"
2014,MS,Mississippi,Health Care Access/Coverage,Under 65 Coverage,Adults aged 18-64 who have any kind of health care coverage (variable calculated from one or more BRFSS questions),Yes,Overall,Overall,"2,133",77,74.7,79.3,207,%,Crude Prevalence,,,BRFSS,CLASS07,Topic59,28,BO1,CAT1,_HCVU651,RESP046,"(32.745510099000455, -89.53803082499968)"
2014,MS,Mississippi,Health Care Access/Coverage,Under 65 Coverage,Adults aged 18-64 who have any kind of health care coverage (variable calculated from one or more BRFSS questions),No,Overall,Overall,465,23,20.7,25.3,208,%,Crude Prevalence,,,BRFSS,CLASS07,Topic59,28,BO1,CAT1,_HCVU651,RESP054,"(32.745510099000455, -89.53803082499968)"
2014,MO,Missouri,Health Care Access/Coverage,Under 65 Coverage,Adults aged 18-64 who have any kind of health care coverage (variable calculated from one or more BRFSS questions),Yes,Overall,Overall,"3,667",83.9,82.2,85.6,208,%,Crude Prevalence,,,BRFSS,CLASS07,Topic59,29,BO1,CAT1,_HCVU651,RESP046,"(38.635790776000476, -92.56630005299968)"
2014,MO,Missouri,Health Care Access/Coverage,Under 65 Coverage,Adults aged 18-64 who have any kind of health care coverage (variable calculated from one or more BRFSS questions),No,Overall,Overall,552,16.1,14.4,17.8,209,%,Crude Prevalence,,,BRFSS,CLASS07,Topic59,29,BO1,CAT1,_HCVU651,RESP054,"(38.635790776000476, -92.56630005299968)"
2014,MT,Montana,Health Care Access/Coverage,Under 65 Coverage,Adults aged 18-64 who have any kind of health care coverage (variable calculated from one or more BRFSS questions),Yes,Overall,Overall,"3,961",83.9,82.3,85.4,207,%,Crude Prevalence,,,BRFSS,CLASS07,Topic59,30,BO1,CAT1,_HCVU651,RESP046,"(47.06652897200047, -109.42442064499971)"
2014,MT,Montana,Health Care Access/Coverage,Under 65 Coverage,Adults aged 18-64 who have any kind of health care coverage (variable calculated from one or more BRFSS questions),No,Overall,Overall,629,16.2,14.6,17.7,208,%,Crude Prevalence,,,BRFSS,CLASS07,Topic59,30,BO1,CAT1,_HCVU651,RESP054,"(47.06652897200047, -109.42442064499971)"
2014,NE,Nebraska,Health Care Access/Coverage,Under 65 Coverage,Adults aged 18-64 who have any kind of health care coverage (variable calculated from one or more BRFSS questions),Yes,Overall,Overall,"12,653",84.7,83.7,85.8,208,%,Crude Prevalence,,,BRFSS,CLASS07,Topic59,31,BO1,CAT1,_HCVU651,RESP046,"(41.6410409880005, -99.36572062299967)"
2014,NE,Nebraska,Health Care Access/Coverage,Under 65 Coverage,Adults aged 18-64 who have any kind of health care coverage (variable calculated from one or more BRFSS questions),No,Overall,Overall,"1,670",15.3,14.2,16.4,209,%,Crude Prevalence,,,BRFSS,CLASS07,Topic59,31,BO1,CAT1,_HCVU651,RESP054,"(41.6410409880005, -99.36572062299967)"
2014,NV,Nevada,Health Care Access/Coverage,Under 65 Coverage,Adults aged 18-64 who have any kind of health care coverage (variable calculated from one or more BRFSS questions),Yes,Overall,Overall,"2,029",79.2,76.6,81.9,207,%,Crude Prevalence,,,BRFSS,CLASS07,Topic59,32,BO1,CAT1,_HCVU651,RESP046,"(39.493240390000494, -117.07184056399967)"
2014,NV,Nevada,Health Care Access/Coverage,Under 65 Coverage,Adults aged 18-64 who have any kind of health care coverage (variable calculated from one or more BRFSS questions),No,Overall,Overall,379,20.8,18.1,23.4,208,%,Crude Prevalence,,,BRFSS,CLASS07,Topic59,32,BO1,CAT1,_HCVU651,RESP054,"(39.493240390000494, -117.07184056399967)"
2014,NH,New Hampshire,Health Care Access/Coverage,Under 65 Coverage,Adults aged 18-64 who have any kind of health care coverage (variable calculated from one or more BRFSS questions),Yes,Overall,Overall,"3,392",85.8,84.1,87.4,208,%,Crude Prevalence,,,BRFSS,CLASS07,Topic59,33,BO1,CAT1,_HCVU651,RESP046,"(43.65595011300047, -71.50036091999965)"
2014,NH,New Hampshire,Health Care Access/Coverage,Under 65 Coverage,Adults aged 18-64 who have any kind of health care coverage (variable calculated from one or more BRFSS questions),No,Overall,Overall,476,14.2,12.6,15.9,209,%,Crude Prevalence,,,BRFSS,CLASS07,Topic59,33,BO1,CAT1,_HCVU651,RESP054,"(43.65595011300047, -71.50036091999965)"
2014,NJ,New Jersey,Health Care Access/Coverage,Under 65 Coverage,Adults aged 18-64 who have any kind of health care coverage (variable calculated from one or more BRFSS questions),Yes,Overall,Overall,"7,801",85,83.9,86.1,208,%,Crude Prevalence,,,BRFSS,CLASS07,Topic59,34,BO1,CAT1,_HCVU651,RESP046,"(40.13057004800049, -74.27369128799967)"
2014,NJ,New Jersey,Health Care Access/Coverage,Under 65 Coverage,Adults aged 18-64 who have any kind of health care coverage (variable calculated from one or more BRFSS questions),No,Overall,Overall,"1,030",15,13.9,16.1,209,%,Crude Prevalence,,,BRFSS,CLASS07,Topic59,34,BO1,CAT1,_HCVU651,RESP054,"(40.13057004800049, -74.27369128799967)"
2014,NM,New Mexico,Health Care Access/Coverage,Under 65 Coverage,Adults aged 18-64 who have any kind of health care coverage (variable calculated from one or more BRFSS questions),Yes,Overall,Overall,"4,960",81.2,79.6,82.8,208,%,Crude Prevalence,,,BRFSS,CLASS07,Topic59,35,BO1,CAT1,_HCVU651,RESP046,"(34.52088095200048, -106.24058098499967)"
2014,NM,New Mexico,Health Care Access/Coverage,Under 65 Coverage,Adults aged 18-64 who have any kind of health care coverage (variable calculated from one or more BRFSS questions),No,Overall,Overall,893,18.8,17.2,20.5,209,%,Crude Prevalence,,,BRFSS,CLASS07,Topic59,35,BO1,CAT1,_HCVU651,RESP054,"(34.52088095200048, -106.24058098499967)"
2014,NY,New York,Health Care Access/Coverage,Under 65 Coverage,Adults aged 18-64 who have any kind of health care coverage (variable calculated from one or more BRFSS questions),Yes,Overall,Overall,"4,131",85.4,84,86.8,208,%,Crude Prevalence,,,BRFSS,CLASS07,Topic59,36,BO1,CAT1,_HCVU651,RESP046,"(42.82700103200045, -75.54397042699964)"
2014,NY,New York,Health Care Access/Coverage,Under 65 Coverage,Adults aged 18-64 who have any kind of health care coverage (variable calculated from one or more BRFSS questions),No,Overall,Overall,520,14.6,13.3,16,209,%,Crude Prevalence,,,BRFSS,CLASS07,Topic59,36,BO1,CAT1,_HCVU651,RESP054,"(42.82700103200045, -75.54397042699964)"
2014,NC,North Carolina,Health Care Access/Coverage,Under 65 Coverage,Adults aged 18-64 who have any kind of health care coverage (variable calculated from one or more BRFSS questions),Yes,Overall,Overall,"3,908",80,78.7,81.3,208,%,Crude Prevalence,,,BRFSS,CLASS07,Topic59,37,BO1,CAT1,_HCVU651,RESP046,"(35.466220975000454, -79.15925046299964)"
2014,NC,North Carolina,Health Care Access/Coverage,Under 65 Coverage,Adults aged 18-64 who have any kind of health care coverage (variable calculated from one or more BRFSS questions),No,Overall,Overall,923,20,18.7,21.3,209,%,Crude Prevalence,,,BRFSS,CLASS07,Topic59,37,BO1,CAT1,_HCVU651,RESP054,"(35.466220975000454, -79.15925046299964)"
2014,ND,North Dakota,Health Care Access/Coverage,Under 65 Coverage,Adults aged 18-64 who have any kind of health care coverage (variable calculated from one or more BRFSS questions),Yes,Overall,Overall,"4,519",89.6,88.1,91,207,%,Crude Prevalence,,,BRFSS,CLASS07,Topic59,38,BO1,CAT1,_HCVU651,RESP046,"(47.47531977900047, -100.11842104899966)"
2014,ND,North Dakota,Health Care Access/Coverage,Under 65 Coverage,Adults aged 18-64 who have any kind of health care coverage (variable calculated from one or more BRFSS questions),No,Overall,Overall,378,10.5,9,11.9,208,%,Crude Prevalence,,,BRFSS,CLASS07,Topic59,38,BO1,CAT1,_HCVU651,RESP054,"(47.47531977900047, -100.11842104899966)"
2014,OH,Ohio,Health Care Access/Coverage,Under 65 Coverage,Adults aged 18-64 who have any kind of health care coverage (variable calculated from one or more BRFSS questions),Yes,Overall,Overall,"6,153",87.5,86.1,88.8,208,%,Crude Prevalence,,,BRFSS,CLASS07,Topic59,39,BO1,CAT1,_HCVU651,RESP046,"(40.06021014100048, -82.40426005599966)"
2014,OH,Ohio,Health Care Access/Coverage,Under 65 Coverage,Adults aged 18-64 who have any kind of health care coverage (variable calculated from one or more BRFSS questions),No,Overall,Overall,665,12.5,11.2,13.9,209,%,Crude Prevalence,,,BRFSS,CLASS07,Topic59,39,BO1,CAT1,_HCVU651,RESP054,"(40.06021014100048, -82.40426005599966)"
2014,OK,Oklahoma,Health Care Access/Coverage,Under 65 Coverage,Adults aged 18-64 who have any kind of health care coverage (variable calculated from one or more BRFSS questions),Yes,Overall,Overall,"4,592",82.8,81.5,84.2,208,%,Crude Prevalence,,,BRFSS,CLASS07,Topic59,40,BO1,CAT1,_HCVU651,RESP046,"(35.47203135600046, -97.52107021399968)"
2014,OK,Oklahoma,Health Care Access/Coverage,Under 65 Coverage,Adults aged 18-64 who have any kind of health care coverage (variable calculated from one or more BRFSS questions),No,Overall,Overall,764,17.2,15.9,18.5,209,%,Crude Prevalence,,,BRFSS,CLASS07,Topic59,40,BO1,CAT1,_HCVU651,RESP054,"(35.47203135600046, -97.52107021399968)"
2014,OR,Oregon,Health Care Access/Coverage,Under 65 Coverage,Adults aged 18-64 who have any kind of health care coverage (variable calculated from one or more BRFSS questions),Yes,Overall,Overall,"2,812",86.5,84.8,88.1,208,%,Crude Prevalence,,,BRFSS,CLASS07,Topic59,41,BO1,CAT1,_HCVU651,RESP046,"(44.56744942400047, -120.15503132599969)"
2014,OR,Oregon,Health Care Access/Coverage,Under 65 Coverage,Adults aged 18-64 who have any kind of health care coverage (variable calculated from one or more BRFSS questions),No,Overall,Overall,326,13.5,11.9,15.2,209,%,Crude Prevalence,,,BRFSS,CLASS07,Topic59,41,BO1,CAT1,_HCVU651,RESP054,"(44.56744942400047, -120.15503132599969)"
2014,PA,Pennsylvania,Health Care Access/Coverage,Under 65 Coverage,Adults aged 18-64 who have any kind of health care coverage (variable calculated from one or more BRFSS questions),Yes,Overall,Overall,"6,150",87.3,86.1,88.5,208,%,Crude Prevalence,,,BRFSS,CLASS07,Topic59,42,BO1,CAT1,_HCVU651,RESP046,"(40.79373015200048, -77.86070029399963)"
2014,PA,Pennsylvania,Health Care Access/Coverage,Under 65 Coverage,Adults aged 18-64 who have any kind of health care coverage (variable calculated from one or more BRFSS questions),No,Overall,Overall,657,12.7,11.5,13.9,209,%,Crude Prevalence,,,BRFSS,CLASS07,Topic59,42,BO1,CAT1,_HCVU651,RESP054,"(40.79373015200048, -77.86070029399963)"
2014,RI,Rhode Island,Health Care Access/Coverage,Under 65 Coverage,Adults aged 18-64 who have any kind of health care coverage (variable calculated from one or more BRFSS questions),Yes,Overall,Overall,"3,900",90.2,88.8,91.7,207,%,Crude Prevalence,,,BRFSS,CLASS07,Topic59,44,BO1,CAT1,_HCVU651,RESP046,"(41.70828019300046, -71.52247031399963)"
2014,RI,Rhode Island,Health Care Access/Coverage,Under 65 Coverage,Adults aged 18-64 who have any kind of health care coverage (variable calculated from one or more BRFSS questions),No,Overall,Overall,254,9.8,8.3,11.3,208,%,Crude Prevalence,,,BRFSS,CLASS07,Topic59,44,BO1,CAT1,_HCVU651,RESP054,"(41.70828019300046, -71.52247031399963)"
2014,SC,South Carolina,Health Care Access/Coverage,Under 65 Coverage,Adults aged 18-64 who have any kind of health care coverage (variable calculated from one or more BRFSS questions),Yes,Overall,Overall,"5,708",78.7,77.3,80,208,%,Crude Prevalence,,,BRFSS,CLASS07,Topic59,45,BO1,CAT1,_HCVU651,RESP046,"(33.998821303000454, -81.04537120699968)"
2014,SC,South Carolina,Health Care Access/Coverage,Under 65 Coverage,Adults aged 18-64 who have any kind of health care coverage (variable calculated from one or more BRFSS questions),No,Overall,Overall,"1,188",21.3,20,22.7,209,%,Crude Prevalence,,,BRFSS,CLASS07,Topic59,45,BO1,CAT1,_HCVU651,RESP054,"(33.998821303000454, -81.04537120699968)"
2014,SD,South Dakota,Health Care Access/Coverage,Under 65 Coverage,Adults aged 18-64 who have any kind of health care coverage (variable calculated from one or more BRFSS questions),Yes,Overall,Overall,"4,312",87.8,85.9,89.7,208,%,Crude Prevalence,,,BRFSS,CLASS07,Topic59,46,BO1,CAT1,_HCVU651,RESP046,"(44.353130053000484, -100.3735306369997)"
2014,SD,South Dakota,Health Care Access/Coverage,Under 65 Coverage,Adults aged 18-64 who have any kind of health care coverage (variable calculated from one or more BRFSS questions),No,Overall,Overall,470,12.2,10.3,14.1,209,%,Crude Prevalence,,,BRFSS,CLASS07,Topic59,46,BO1,CAT1,_HCVU651,RESP054,"(44.353130053000484, -100.3735306369997)"
2014,TN,Tennessee,Health Care Access/Coverage,Under 65 Coverage,Adults aged 18-64 who have any kind of health care coverage (variable calculated from one or more BRFSS questions),Yes,Overall,Overall,"2,624",82.3,80.3,84.3,208,%,Crude Prevalence,,,BRFSS,CLASS07,Topic59,47,BO1,CAT1,_HCVU651,RESP046,"(35.68094058000048, -85.77449091399967)"
2014,TN,Tennessee,Health Care Access/Coverage,Under 65 Coverage,Adults aged 18-64 who have any kind of health care coverage (variable calculated from one or more BRFSS questions),No,Overall,Overall,440,17.7,15.7,19.7,209,%,Crude Prevalence,,,BRFSS,CLASS07,Topic59,47,BO1,CAT1,_HCVU651,RESP054,"(35.68094058000048, -85.77449091399967)"
2014,TX,Texas,Health Care Access/Coverage,Under 65 Coverage,Adults aged 18-64 who have any kind of health care coverage (variable calculated from one or more BRFSS questions),Yes,Overall,Overall,"7,610",70.8,69.3,72.2,208,%,Crude Prevalence,,,BRFSS,CLASS07,Topic59,48,BO1,CAT1,_HCVU651,RESP046,"(31.827240407000488, -99.42677020599967)"
2014,TX,Texas,Health Care Access/Coverage,Under 65 Coverage,Adults aged 18-64 who have any kind of health care coverage (variable calculated from one or more BRFSS questions),No,Overall,Overall,"2,269",29.2,27.8,30.7,209,%,Crude Prevalence,,,BRFSS,CLASS07,Topic59,48,BO1,CAT1,_HCVU651,RESP054,"(31.827240407000488, -99.42677020599967)"
2014,UT,Utah,Health Care Access/Coverage,Under 65 Coverage,Adults aged 18-64 who have any kind of health care coverage (variable calculated from one or more BRFSS questions),Yes,Overall,Overall,"9,752",83.8,82.9,84.7,208,%,Crude Prevalence,,,BRFSS,CLASS07,Topic59,49,BO1,CAT1,_HCVU651,RESP046,"(39.360700171000474, -111.58713063499971)"
2014,UT,Utah,Health Care Access/Coverage,Under 65 Coverage,Adults aged 18-64 who have any kind of health care coverage (variable calculated from one or more BRFSS questions),No,Overall,Overall,"1,484",16.2,15.3,17.1,209,%,Crude Prevalence,,,BRFSS,CLASS07,Topic59,49,BO1,CAT1,_HCVU651,RESP054,"(39.360700171000474, -111.58713063499971)"
2014,VT,Vermont,Health Care Access/Coverage,Under 65 Coverage,Adults aged 18-64 who have any kind of health care coverage (variable calculated from one or more BRFSS questions),Yes,Overall,Overall,"4,246",91.6,90.6,92.6,207,%,Crude Prevalence,,,BRFSS,CLASS07,Topic59,50,BO1,CAT1,_HCVU651,RESP046,"(43.62538123900049, -72.51764079099962)"
2014,VT,Vermont,Health Care Access/Coverage,Under 65 Coverage,Adults aged 18-64 who have any kind of health care coverage (variable calculated from one or more BRFSS questions),No,Overall,Overall,328,8.4,7.4,9.4,208,%,Crude Prevalence,,,BRFSS,CLASS07,Topic59,50,BO1,CAT1,_HCVU651,RESP054,"(43.62538123900049, -72.51764079099962)"
2014,VA,Virginia,Health Care Access/Coverage,Under 65 Coverage,Adults aged 18-64 who have any kind of health care coverage (variable calculated from one or more BRFSS questions),Yes,Overall,Overall,"5,674",84.2,82.9,85.6,208,%,Crude Prevalence,,,BRFSS,CLASS07,Topic59,51,BO1,CAT1,_HCVU651,RESP046,"(37.54268067400045, -78.45789046299967)"
2014,VA,Virginia,Health Care Access/Coverage,Under 65 Coverage,Adults aged 18-64 who have any kind of health care coverage (variable calculated from one or more BRFSS questions),No,Overall,Overall,770,15.8,14.5,17.1,209,%,Crude Prevalence,,,BRFSS,CLASS07,Topic59,51,BO1,CAT1,_HCVU651,RESP054,"(37.54268067400045, -78.45789046299967)"
2014,WA,Washington,Health Care Access/Coverage,Under 65 Coverage,Adults aged 18-64 who have any kind of health care coverage (variable calculated from one or more BRFSS questions),Yes,Overall,Overall,"5,736",87.1,85.8,88.3,208,%,Crude Prevalence,,,BRFSS,CLASS07,Topic59,53,BO1,CAT1,_HCVU651,RESP046,"(47.52227862900048, -120.47001078999972)"
2014,WA,Washington,Health Care Access/Coverage,Under 65 Coverage,Adults aged 18-64 who have any kind of health care coverage (variable calculated from one or more BRFSS questions),No,Overall,Overall,558,12.9,11.7,14.2,209,%,Crude Prevalence,,,BRFSS,CLASS07,Topic59,53,BO1,CAT1,_HCVU651,RESP054,"(47.52227862900048, -120.47001078999972)"
2014,WV,West Virginia,Health Care Access/Coverage,Under 65 Coverage,Adults aged 18-64 who have any kind of health care coverage (variable calculated from one or more BRFSS questions),Yes,Overall,Overall,"3,689",87,85.6,88.3,208,%,Crude Prevalence,,,BRFSS,CLASS07,Topic59,54,BO1,CAT1,_HCVU651,RESP046,"(38.66551020200046, -80.71264013499967)"
2014,WV,West Virginia,Health Care Access/Coverage,Under 65 Coverage,Adults aged 18-64 who have any kind of health care coverage (variable calculated from one or more BRFSS questions),No,Overall,Overall,420,13,11.7,14.4,209,%,Crude Prevalence,,,BRFSS,CLASS07,Topic59,54,BO1,CAT1,_HCVU651,RESP054,"(38.66551020200046, -80.71264013499967)"
2014,WI,Wisconsin,Health Care Access/Coverage,Under 65 Coverage,Adults aged 18-64 who have any kind of health care coverage (variable calculated from one or more BRFSS questions),Yes,Overall,Overall,"4,324",89.6,88.2,91,208,%,Crude Prevalence,,,BRFSS,CLASS07,Topic59,55,BO1,CAT1,_HCVU651,RESP046,"(44.39319117400049, -89.81637074199966)"
2014,WI,Wisconsin,Health Care Access/Coverage,Under 65 Coverage,Adults aged 18-64 who have any kind of health care coverage (variable calculated from one or more BRFSS questions),No,Overall,Overall,379,10.4,9,11.8,209,%,Crude Prevalence,,,BRFSS,CLASS07,Topic59,55,BO1,CAT1,_HCVU651,RESP054,"(44.39319117400049, -89.81637074199966)"
2014,WY,Wyoming,Health Care Access/Coverage,Under 65 Coverage,Adults aged 18-64 who have any kind of health care coverage (variable calculated from one or more BRFSS questions),Yes,Overall,Overall,"2,997",81.5,79.3,83.7,208,%,Crude Prevalence,,,BRFSS,CLASS07,Topic59,56,BO1,CAT1,_HCVU651,RESP046,"(43.23554134300048, -108.10983035299967)"
2014,WY,Wyoming,Health Care Access/Coverage,Under 65 Coverage,Adults aged 18-64 who have any kind of health care coverage (variable calculated from one or more BRFSS questions),No,Overall,Overall,498,18.5,16.3,20.8,209,%,Crude Prevalence,,,BRFSS,CLASS07,Topic59,56,BO1,CAT1,_HCVU651,RESP054,"(43.23554134300048, -108.10983035299967)"
2014,GU,Guam,Health Care Access/Coverage,Under 65 Coverage,Adults aged 18-64 who have any kind of health care coverage (variable calculated from one or more BRFSS questions),Yes,Overall,Overall,"1,731",73.3,70.4,76.2,206,%,Crude Prevalence,,,BRFSS,CLASS07,Topic59,66,BO1,CAT1,_HCVU651,RESP046,"(13.444304, 144.793731)"
2014,GU,Guam,Health Care Access/Coverage,Under 65 Coverage,Adults aged 18-64 who have any kind of health care coverage (variable calculated from one or more BRFSS questions),No,Overall,Overall,454,26.7,23.8,29.6,207,%,Crude Prevalence,,,BRFSS,CLASS07,Topic59,66,BO1,CAT1,_HCVU651,RESP054,"(13.444304, 144.793731)"
2014,PR,Puerto Rico,Health Care Access/Coverage,Under 65 Coverage,Adults aged 18-64 who have any kind of health care coverage (variable calculated from one or more BRFSS questions),Yes,Overall,Overall,"3,686",92.8,91.7,93.8,196,%,Crude Prevalence,,,BRFSS,CLASS07,Topic59,72,BO1,CAT1,_HCVU651,RESP046,"(18.220833, -66.590149)"
2014,PR,Puerto Rico,Health Care Access/Coverage,Under 65 Coverage,Adults aged 18-64 who have any kind of health care coverage (variable calculated from one or more BRFSS questions),No,Overall,Overall,237,7.3,6.2,8.3,197,%,Crude Prevalence,,,BRFSS,CLASS07,Topic59,72,BO1,CAT1,_HCVU651,RESP054,"(18.220833, -66.590149)"
2014,UW,All States and DC (median) **,Health Care Access/Coverage,Under 65 Coverage,Adults aged 18-64 who have any kind of health care coverage (variable calculated from one or more BRFSS questions),Yes,Overall,Overall,51,84.7,,,207,%,Crude Prevalence,,,BRFSS,CLASS07,Topic59,98,BO1,CAT1,_HCVU651,RESP046,
2014,UW,All States and DC (median) **,Health Care Access/Coverage,Under 65 Coverage,Adults aged 18-64 who have any kind of health care coverage (variable calculated from one or more BRFSS questions),No,Overall,Overall,51,15.3,,,208,%,Crude Prevalence,,,BRFSS,CLASS07,Topic59,98,BO1,CAT1,_HCVU651,RESP054,
2014,US,"All States, DC and Territories (median) **",Health Care Access/Coverage,Under 65 Coverage,Adults aged 18-64 who have any kind of health care coverage (variable calculated from one or more BRFSS questions),Yes,Overall,Overall,53,84.7,,,207,%,Crude Prevalence,,,BRFSS,CLASS07,Topic59,99,BO1,CAT1,_HCVU651,RESP046,
2014,US,"All States, DC and Territories (median) **",Health Care Access/Coverage,Under 65 Coverage,Adults aged 18-64 who have any kind of health care coverage (variable calculated from one or more BRFSS questions),No,Overall,Overall,53,15.3,,,208,%,Crude Prevalence,,,BRFSS,CLASS07,Topic59,99,BO1,CAT1,_HCVU651,RESP054,
